X,Y,fid,id,icon_url
6.52509869785947,60.4141234291392,1,,./0.png
6.50359933611941,60.3958191706492,2,,./0.png
6.54409570102889,60.4249758339772,3,,./0.png
